solver,set,vars,verdict,solved,attempted,median_ms,mean_solved_ms,worst_solved_ms
cdcl,uf20-91,20,SAT,25,25,0.0618,0.0653,0.1134
cdcl,uf50-218,50,SAT,25,25,0.2981,0.3504,0.7278
cdcl,uuf50-218,50,UNSAT,25,25,0.6765,0.6818,1.0459
cdcl,uf75-325,75,SAT,25,25,1.6872,1.9450,5.3191
cdcl,uuf75-325,75,UNSAT,25,25,3.2725,3.4220,5.5494
cdcl,uf100-430,100,SAT,25,25,5.3950,5.6420,21.7618
cdcl,uuf100-430,100,UNSAT,25,25,13.7059,15.2793,27.1975
cdcl,uf125-538,125,SAT,25,25,25.5544,32.1552,97.1416
cdcl,uuf125-538,125,UNSAT,25,25,43.8815,47.2327,104.5387
cdcl,uf150-645,150,SAT,25,25,57.6133,80.7698,321.5254
cdcl,uuf150-645,150,UNSAT,25,25,265.7565,297.0453,676.0307
cdcl,uf175-753,175,SAT,25,25,372.5651,692.8534,3312.3139
cdcl,uuf175-753,175,UNSAT,25,25,1087.1543,1549.3728,7452.9453
cdcl,uf200-860,200,SAT,21,25,2453.8255,2232.8944,8382.2966
cdcl,uuf200-860,200,UNSAT,10,25,,5779.2181,9251.8055
cdcl,uf225-960,225,SAT,7,25,,2217.5232,5647.2205
cdcl,uuf225-960,225,UNSAT,1,25,,7155.3712,7155.3712
cdcl,uf250-1065,250,SAT,6,25,,4364.7317,8651.3976
cdcl,uuf250-1065,250,UNSAT,0,25,,,
dpll,uf20-91,20,SAT,25,25,0.2063,0.2047,0.4176
dpll,uf50-218,50,SAT,25,25,3.6343,5.0979,15.9252
dpll,uuf50-218,50,UNSAT,25,25,13.0237,13.0245,21.5245
dpll,uf75-325,75,SAT,25,25,46.8586,62.5898,178.8749
dpll,uuf75-325,75,UNSAT,25,25,113.4855,127.0840,221.3748
dpll,uf100-430,100,SAT,25,25,749.8228,971.7613,3441.9677
dpll,uuf100-430,100,UNSAT,25,25,1505.0457,1780.9845,4855.5439
dpll,uf125-538,125,SAT,16,25,4294.9733,2529.8539,7692.5770
dpll,uuf125-538,125,UNSAT,6,25,,7046.4639,9528.9518
dpll,uf150-645,150,SAT,7,25,,2363.6018,8598.2900
dpll,uuf150-645,150,UNSAT,0,25,,,
naive,uf20-91,20,SAT,25,25,104.7142,123.0874,314.1709
naive,uf50-218,50,SAT,0,25,,,
